<annotation>
	<folder>positives1</folder>
	<filename>34_610_1634496825.145257.png</filename>
	<path>/Users/henrygao/AutoBoat_21-22/CS/computer_vision/labelimg/positives1/34_610_1634496825.145257.png</path>
	<source>
		<database>Unknown</database>
	</source>
	<size>
		<width>540</width>
		<height>360</height>
		<depth>3</depth>
	</size>
	<segmented>0</segmented>
	<object>
		<name>basketball</name>
		<pose>Unspecified</pose>
		<truncated>0</truncated>
		<difficult>0</difficult>
		<bndbox>
			<xmin>116</xmin>
			<ymin>130</ymin>
			<xmax>249</xmax>
			<ymax>286</ymax>
		</bndbox>
	</object>
	<object>
		<name>basketball</name>
		<pose>Unspecified</pose>
		<truncated>0</truncated>
		<difficult>0</difficult>
		<bndbox>
			<xmin>285</xmin>
			<ymin>8</ymin>
			<xmax>431</xmax>
			<ymax>179</ymax>
		</bndbox>
	</object>
	<object>
		<name>tennis ball</name>
		<pose>Unspecified</pose>
		<truncated>0</truncated>
		<difficult>0</difficult>
		<bndbox>
			<xmin>245</xmin>
			<ymin>256</ymin>
			<xmax>298</xmax>
			<ymax>318</ymax>
		</bndbox>
	</object>
</annotation>
