<annotation>
	<folder>positives1</folder>
	<filename>1_613_1634496807.325889.png</filename>
	<path>/Users/henrygao/AutoBoat_21-22/CS/computer_vision/labelimg/positives1/1_613_1634496807.325889.png</path>
	<source>
		<database>Unknown</database>
	</source>
	<size>
		<width>540</width>
		<height>360</height>
		<depth>3</depth>
	</size>
	<segmented>0</segmented>
	<object>
		<name>basketball</name>
		<pose>Unspecified</pose>
		<truncated>0</truncated>
		<difficult>0</difficult>
		<bndbox>
			<xmin>171</xmin>
			<ymin>21</ymin>
			<xmax>273</xmax>
			<ymax>142</ymax>
		</bndbox>
	</object>
	<object>
		<name>tennis ball</name>
		<pose>Unspecified</pose>
		<truncated>0</truncated>
		<difficult>0</difficult>
		<bndbox>
			<xmin>271</xmin>
			<ymin>217</ymin>
			<xmax>301</xmax>
			<ymax>253</ymax>
		</bndbox>
	</object>
	<object>
		<name>basketball</name>
		<pose>Unspecified</pose>
		<truncated>0</truncated>
		<difficult>0</difficult>
		<bndbox>
			<xmin>187</xmin>
			<ymin>207</ymin>
			<xmax>270</xmax>
			<ymax>308</ymax>
		</bndbox>
	</object>
</annotation>
