<annotation>
	<folder>positives1</folder>
	<filename>20_1128_1634496818.347966.png</filename>
	<path>/Users/henrygao/AutoBoat_21-22/CS/computer_vision/labelimg/positives1/20_1128_1634496818.347966.png</path>
	<source>
		<database>Unknown</database>
	</source>
	<size>
		<width>540</width>
		<height>360</height>
		<depth>3</depth>
	</size>
	<segmented>0</segmented>
	<object>
		<name>basketball</name>
		<pose>Unspecified</pose>
		<truncated>0</truncated>
		<difficult>0</difficult>
		<bndbox>
			<xmin>46</xmin>
			<ymin>63</ymin>
			<xmax>255</xmax>
			<ymax>303</ymax>
		</bndbox>
	</object>
	<object>
		<name>basketball</name>
		<pose>Unspecified</pose>
		<truncated>0</truncated>
		<difficult>0</difficult>
		<bndbox>
			<xmin>355</xmin>
			<ymin>48</ymin>
			<xmax>503</xmax>
			<ymax>218</ymax>
		</bndbox>
	</object>
	<object>
		<name>tennis ball</name>
		<pose>Unspecified</pose>
		<truncated>0</truncated>
		<difficult>0</difficult>
		<bndbox>
			<xmin>337</xmin>
			<ymin>62</ymin>
			<xmax>380</xmax>
			<ymax>116</ymax>
		</bndbox>
	</object>
</annotation>
