<annotation>
	<folder>positives1</folder>
	<filename>30_518_1634496824.017765.png</filename>
	<path>/Users/henrygao/AutoBoat_21-22/CS/computer_vision/labelimg/positives1/30_518_1634496824.017765.png</path>
	<source>
		<database>Unknown</database>
	</source>
	<size>
		<width>540</width>
		<height>360</height>
		<depth>3</depth>
	</size>
	<segmented>0</segmented>
	<object>
		<name>basketball</name>
		<pose>Unspecified</pose>
		<truncated>0</truncated>
		<difficult>0</difficult>
		<bndbox>
			<xmin>126</xmin>
			<ymin>167</ymin>
			<xmax>254</xmax>
			<ymax>315</ymax>
		</bndbox>
	</object>
	<object>
		<name>basketball</name>
		<pose>Unspecified</pose>
		<truncated>0</truncated>
		<difficult>0</difficult>
		<bndbox>
			<xmin>283</xmin>
			<ymin>22</ymin>
			<xmax>425</xmax>
			<ymax>190</ymax>
		</bndbox>
	</object>
	<object>
		<name>tennis ball</name>
		<pose>Unspecified</pose>
		<truncated>0</truncated>
		<difficult>0</difficult>
		<bndbox>
			<xmin>252</xmin>
			<ymin>284</ymin>
			<xmax>301</xmax>
			<ymax>342</ymax>
		</bndbox>
	</object>
</annotation>
