<annotation>
	<folder>positives1</folder>
	<filename>3_595_1634496807.512945.png</filename>
	<path>/Users/henrygao/AutoBoat_21-22/CS/computer_vision/labelimg/positives1/3_595_1634496807.512945.png</path>
	<source>
		<database>Unknown</database>
	</source>
	<size>
		<width>540</width>
		<height>360</height>
		<depth>3</depth>
	</size>
	<segmented>0</segmented>
	<object>
		<name>basketball</name>
		<pose>Unspecified</pose>
		<truncated>0</truncated>
		<difficult>0</difficult>
		<bndbox>
			<xmin>175</xmin>
			<ymin>19</ymin>
			<xmax>277</xmax>
			<ymax>143</ymax>
		</bndbox>
	</object>
	<object>
		<name>basketball</name>
		<pose>Unspecified</pose>
		<truncated>0</truncated>
		<difficult>0</difficult>
		<bndbox>
			<xmin>190</xmin>
			<ymin>204</ymin>
			<xmax>271</xmax>
			<ymax>303</ymax>
		</bndbox>
	</object>
	<object>
		<name>tennis ball</name>
		<pose>Unspecified</pose>
		<truncated>0</truncated>
		<difficult>0</difficult>
		<bndbox>
			<xmin>274</xmin>
			<ymin>215</ymin>
			<xmax>303</xmax>
			<ymax>251</ymax>
		</bndbox>
	</object>
</annotation>
